RowType,From,To,Devicesegment,Account,Campaign,Adgroup,Keyword,Matchtype,Clicks,Impr,Cost
keyword,7/18/2014,7/18/2014,Tablet,Account 1,Brand-Tablet|Search|USA,Tour/Hike,hiketravel,Broad,1,19,5.45
keyword,7/18/2014,7/18/2014,Tablet,Account 1,Brand-Tablet|Search|USA,Tour/Hike,hike land tour,Exact,1,1,0.15
keyword,7/19/2014,7/19/2014,Tablet,Account 1,Brand-Tablet|Search|USA,Tour/Hike,hike land tour,Broad,1,29,2.75
keyword,7/21/2014,7/21/2014,Tablet,Account 1,Brand-Tablet|Search|USA,Reviews,hike land review,Broad,1,15,8.19
keyword,7/15/2014,7/15/2014,Tablet,Account 1,Brand-Tablet|Search|USA,Parks Tours - Exact,hike tours,Exact,2,9,13.14
keyword,7/17/2014,7/17/2014,Tablet,Account 1,Brand-Tablet|Search|USA,Parks Tours - Exact,hike tours,Exact,1,2,5.74
keyword,7/19/2014,7/19/2014,Tablet,Account 1,Brand-Tablet|Search|USA,Parks Tours - Exact,hike tours,Exact,2,4,10.65
keyword,7/21/2014,7/21/2014,Tablet,Account 1,Brand-Tablet|Search|USA,Parks Tours - Exact,hike tours,Exact,2,4,10.6
keyword,7/15/2014,7/15/2014,Tablet,Account 1,Brand-Tablet|Search|USA,Parks Trips - Exact,hike hikings,Exact,9,27,4.81
keyword,7/16/2014,7/16/2014,Tablet,Account 1,Brand-Tablet|Search|USA,Parks Trips - Exact,hike hikings,Exact,7,20,3.21
keyword,7/17/2014,7/17/2014,Tablet,Account 1,Brand-Tablet|Search|USA,Parks Trips - Exact,hike hikings,Exact,19,38,7.97
keyword,7/18/2014,7/18/2014,Tablet,Account 1,Brand-Tablet|Search|USA,Parks Trips - Exact,hike hikings,Exact,15,37,6.07
keyword,7/19/2014,7/19/2014,Tablet,Account 1,Brand-Tablet|Search|USA,Parks Trips - Exact,hike hikings,Exact,13,33,6.28
keyword,7/20/2014,7/20/2014,Tablet,Account 1,Brand-Tablet|Search|USA,Parks Trips - Exact,hike hikings,Exact,27,49,10.02
keyword,7/21/2014,7/21/2014,Tablet,Account 1,Brand-Tablet|Search|USA,Parks Trips - Exact,hike hikings,Exact,9,28,3.49
keyword,7/15/2014,7/15/2014,Tablet,Account 1,Brand-Tablet|Search|USA,Parks land - Exact,hike land,Exact,4,5,1.92
keyword,7/18/2014,7/18/2014,Tablet,Account 1,Brand-Tablet|Search|USA,Parks land - Exact,hike land,Exact,1,3,0.96
keyword,7/20/2014,7/20/2014,Tablet,Account 1,Brand-Tablet|Search|USA,Parks land - Exact,hike land,Exact,2,2,0.77
keyword,7/15/2014,7/15/2014,Mobile,Account 1,Brand-Mobile|Search|USA,Reviews,hike land hikings reviews,Broad,2,29,2.37
keyword,7/16/2014,7/16/2014,Mobile,Account 1,Brand-Mobile|Search|USA,Reviews,hike land hikings reviews,Broad,1,37,0.47
keyword,7/18/2014,7/18/2014,Mobile,Account 1,Brand-Mobile|Search|USA,Reviews,hike land hikings reviews,Broad,1,15,0.28
keyword,7/16/2014,7/16/2014,Mobile,Account 1,Brand-Mobile|Search|USA,bikes,hike landbike hiking,Exact,1,1,0.66
keyword,7/18/2014,7/18/2014,Mobile,Account 1,Brand-Mobile|Search|USA,bikes,hike landbike hiking,Exact,1,1,0.94
keyword,7/15/2014,7/15/2014,Mobile,Account 1,Brand-Mobile|Search|USA,Tour/Hike,hike travel,Broad,1,33,4.33
keyword,7/16/2014,7/16/2014,Mobile,Account 1,Brand-Mobile|Search|USA,Tour/Hike,hike travel,Broad,1,26,1.66
keyword,7/17/2014,7/17/2014,Mobile,Account 1,Brand-Mobile|Search|USA,Tour/Hike,hike travel,Broad,3,48,5.37
keyword,7/18/2014,7/18/2014,Mobile,Account 1,Brand-Mobile|Search|USA,Tour/Hike,hike travel,Broad,1,24,2.92
keyword,7/19/2014,7/19/2014,Mobile,Account 1,Brand-Mobile|Search|USA,Tour/Hike,hike travel,Broad,1,51,1.47
keyword,7/20/2014,7/20/2014,Mobile,Account 1,Brand-Mobile|Search|USA,Tour/Hike,hike travel,Broad,1,53,3.36
keyword,7/21/2014,7/21/2014,Mobile,Account 1,Brand-Mobile|Search|USA,Tour/Hike,hike travel,Broad,1,38,5.28
keyword,7/20/2014,7/20/2014,Mobile,Account 1,Brand-Mobile|Search|USA,Tour/Hike,hike tours,Phrase,1,2,0.96
keyword,7/16/2014,7/16/2014,Mobile,Account 1,Brand-Mobile|Search|USA,Tour/Hike,hike land tour,Broad,1,3,1.9
keyword,7/18/2014,7/18/2014,Mobile,Account 1,Brand-Mobile|Search|USA,Parks Tours - Exact,hike tours,Exact,1,2,0.92
keyword,7/20/2014,7/20/2014,Mobile,Account 1,Brand-Mobile|Search|USA,Parks Tours - Exact,hike tours,Exact,1,1,0.62
keyword,7/15/2014,7/15/2014,Mobile,Account 1,Brand-Mobile|Search|USA,Parks Trips - Exact,hike hikings,Exact,4,13,1.24
keyword,7/16/2014,7/16/2014,Mobile,Account 1,Brand-Mobile|Search|USA,Parks Trips - Exact,hike hikings,Exact,8,16,3.42
keyword,7/17/2014,7/17/2014,Mobile,Account 1,Brand-Mobile|Search|USA,Parks Trips - Exact,hike hikings,Exact,5,11,1.37
keyword,7/18/2014,7/18/2014,Mobile,Account 1,Brand-Mobile|Search|USA,Parks Trips - Exact,hike hikings,Exact,4,10,1.33
keyword,7/19/2014,7/19/2014,Mobile,Account 1,Brand-Mobile|Search|USA,Parks Trips - Exact,hike hikings,Exact,4,16,1.13
keyword,7/20/2014,7/20/2014,Mobile,Account 1,Brand-Mobile|Search|USA,Parks Trips - Exact,hike hikings,Exact,8,15,2.97
keyword,7/21/2014,7/21/2014,Mobile,Account 1,Brand-Mobile|Search|USA,Parks Trips - Exact,hike hikings,Exact,4,13,1.29
keyword,7/20/2014,7/20/2014,Mobile,Account 1,Brand-Mobile|Search|USA,Parks land - Exact,hike land,Exact,1,3,0.75
keyword,7/21/2014,7/21/2014,Mobile,Account 1,Brand-Mobile|Search|USA,Parks land - Exact,hike land,Exact,1,3,0.05
keyword,7/21/2014,7/21/2014,Desktop,Account 1,Brand|Search|USA,Fleet,hike spirit,Phrase,1,4,0.69
keyword,7/15/2014,7/15/2014,Desktop,Account 1,Brand|Search|USA,Fleet,hike sky,Phrase,1,2,3.18
keyword,7/16/2014,7/16/2014,Desktop,Account 1,Brand|Search|USA,Fleet,hike neptune,Phrase,1,4,8.3
keyword,7/18/2014,7/18/2014,Desktop,Account 1,Brand|Search|USA,Fleet,hike neptune,Phrase,1,1,1.01
keyword,7/18/2014,7/18/2014,Desktop,Account 1,Brand|Search|USA,Fleet,hike fontane,Phrase,1,1,7.85
keyword,7/18/2014,7/18/2014,Desktop,Account 1,Brand|Search|USA,Fleet,hike primadonna,Exact,2,1,2.6
keyword,7/19/2014,7/19/2014,Desktop,Account 1,Brand|Search|USA,Tour/Hike,hiketravel,Phrase,1,1,0.05
keyword,7/17/2014,7/17/2014,Desktop,Account 1,Brand|Search|USA,Tour/Hike,hike travel,Phrase,1,1,0.8
keyword,7/15/2014,7/15/2014,Desktop,Account 1,Brand|Search|USA,Tour/Hike,hike land trips,Broad,1,9,1.12
keyword,7/20/2014,7/20/2014,Desktop,Account 1,Brand|Search|USA,Tour/Hike,hike land tour,Phrase,2,2,1.02
keyword,7/15/2014,7/15/2014,Desktop,Account 1,Brand|Search|USA,Tour/Hike,hike travel,Exact,2,3,0.26
keyword,7/17/2014,7/17/2014,Desktop,Account 1,Brand|Search|USA,Tour/Hike,hike travel,Exact,1,5,0.08
keyword,7/20/2014,7/20/2014,Desktop,Account 1,Brand|Search|USA,Tour/Hike,hike travel,Exact,1,3,0.26
keyword,7/15/2014,7/15/2014,Desktop,Account 1,Brand|Search|USA,Parks Tours - Exact,hike tours,Exact,1,4,0.71
keyword,7/16/2014,7/16/2014,Desktop,Account 1,Brand|Search|USA,Parks Tours - Exact,hike tours,Exact,8,13,35.27
keyword,7/17/2014,7/17/2014,Desktop,Account 1,Brand|Search|USA,Parks Tours - Exact,hike tours,Exact,3,6,9.12
keyword,7/18/2014,7/18/2014,Desktop,Account 1,Brand|Search|USA,Parks Tours - Exact,hike tours,Exact,11,23,43.09
keyword,7/20/2014,7/20/2014,Desktop,Account 1,Brand|Search|USA,Parks Tours - Exact,hike tours,Exact,2,4,7.14
keyword,7/21/2014,7/21/2014,Desktop,Account 1,Brand|Search|USA,Parks Tours - Exact,hike tours,Exact,5,9,21.18
keyword,7/15/2014,7/15/2014,Desktop,Account 1,Brand|Search|USA,Parks land - Exact,hike land,Exact,7,21,7.04
keyword,7/16/2014,7/16/2014,Desktop,Account 1,Brand|Search|USA,Parks land - Exact,hike land,Exact,6,23,6.06
keyword,7/17/2014,7/17/2014,Desktop,Account 1,Brand|Search|USA,Parks land - Exact,hike land,Exact,8,15,7.1
keyword,7/18/2014,7/18/2014,Desktop,Account 1,Brand|Search|USA,Parks land - Exact,hike land,Exact,3,15,3.01
keyword,7/19/2014,7/19/2014,Desktop,Account 1,Brand|Search|USA,Parks land - Exact,hike land,Exact,4,9,4.7
keyword,7/20/2014,7/20/2014,Desktop,Account 1,Brand|Search|USA,Parks land - Exact,hike land,Exact,7,16,8.8
keyword,7/21/2014,7/21/2014,Desktop,Account 1,Brand|Search|USA,Parks land - Exact,hike land,Exact,5,11,5.76
keyword,7/15/2014,7/15/2014,Desktop,Account 1,Brand|Search|USA,Parks Trips - Exact,hike hikings,Exact,86,188,36.96
keyword,7/16/2014,7/16/2014,Desktop,Account 1,Brand|Search|USA,Parks Trips - Exact,hike hikings,Exact,84,196,37.58
keyword,7/17/2014,7/17/2014,Desktop,Account 1,Brand|Search|USA,Parks Trips - Exact,hike hikings,Exact,87,174,37.13
keyword,7/18/2014,7/18/2014,Desktop,Account 1,Brand|Search|USA,Parks Trips - Exact,hike hikings,Exact,107,179,49.14
keyword,7/19/2014,7/19/2014,Desktop,Account 1,Brand|Search|USA,Parks Trips - Exact,hike hikings,Exact,67,136,30.22
keyword,7/20/2014,7/20/2014,Desktop,Account 1,Brand|Search|USA,Parks Trips - Exact,hike hikings,Exact,82,173,32.71
keyword,7/21/2014,7/21/2014,Desktop,Account 1,Brand|Search|USA,Parks Trips - Exact,hike hikings,Exact,95,217,40.25
keyword,7/18/2014,7/18/2014,Desktop,Account 2,Intro-|Search|USA-CAN,florida,hiking florida,Exact,1,7,10.13
keyword,7/15/2014,7/15/2014,Desktop,Account 2,Intro-|Search|USA-CAN,florida,travel to florida,Broad,5,549,28.02
keyword,7/16/2014,7/16/2014,Desktop,Account 2,Intro-|Search|USA-CAN,florida,travel to florida,Broad,3,299,23.36
keyword,7/17/2014,7/17/2014,Desktop,Account 2,Intro-|Search|USA-CAN,florida,travel to florida,Broad,9,237,45.7
keyword,7/18/2014,7/18/2014,Desktop,Account 2,Intro-|Search|USA-CAN,florida,travel to florida,Broad,5,222,24.86
keyword,7/19/2014,7/19/2014,Desktop,Account 2,Intro-|Search|USA-CAN,florida,travel to florida,Broad,6,153,18.35
keyword,7/20/2014,7/20/2014,Desktop,Account 2,Intro-|Search|USA-CAN,florida,travel to florida,Broad,3,171,10.92
keyword,7/21/2014,7/21/2014,Desktop,Account 2,Intro-|Search|USA-CAN,florida,travel to florida,Broad,1,146,1.87
keyword,7/20/2014,7/20/2014,Desktop,Account 2,Intro-|Search|USA-CAN,florida,tours florida,Phrase,1,9,0.54
keyword,7/17/2014,7/17/2014,Desktop,Account 2,Intro-|Search|USA-CAN,florida,florida travel,Exact,2,25,8.14
keyword,7/20/2014,7/20/2014,Desktop,Account 2,Intro-|Search|USA-CAN,florida,florida travel,Exact,1,29,0.99
keyword,7/15/2014,7/15/2014,Desktop,Account 2,Intro-|Search|USA-CAN,florida,florida tours,Broad,6,454,24.02
keyword,7/16/2014,7/16/2014,Desktop,Account 2,Intro-|Search|USA-CAN,florida,florida tours,Broad,2,367,5.12
keyword,7/17/2014,7/17/2014,Desktop,Account 2,Intro-|Search|USA-CAN,florida,florida tours,Broad,4,299,15.55
keyword,7/18/2014,7/18/2014,Desktop,Account 2,Intro-|Search|USA-CAN,florida,florida tours,Broad,3,252,9.65
keyword,7/20/2014,7/20/2014,Desktop,Account 2,Intro-|Search|USA-CAN,florida,florida tours,Broad,1,186,2.31
keyword,7/15/2014,7/15/2014,Desktop,Account 2,Intro-|Search|USA-CAN,california,visit california,Phrase,1,4,0.05
keyword,7/16/2014,7/16/2014,Desktop,Account 2,Intro-|Search|USA-CAN,pittsburg,pittsburg guided tours,Broad,2,49,6.35
keyword,7/17/2014,7/17/2014,Desktop,Account 2,Intro-|Search|USA-CAN,pittsburg,pittsburg guided tours,Broad,1,79,3.25
keyword,7/18/2014,7/18/2014,Desktop,Account 2,Intro-|Search|USA-CAN,pittsburg,pittsburg guided tours,Broad,2,69,7.94
keyword,7/19/2014,7/19/2014,Desktop,Account 2,Intro-|Search|USA-CAN,pittsburg,pittsburg guided tours,Broad,1,85,4.88
keyword,7/20/2014,7/20/2014,Desktop,Account 2,Intro-|Search|USA-CAN,pittsburg,pittsburg guided tours,Broad,1,55,1.86
keyword,7/21/2014,7/21/2014,Desktop,Account 2,Intro-|Search|USA-CAN,pittsburg,pittsburg guided tours,Broad,1,41,2.07
keyword,7/9/2014,7/9/2014,Tablet,Account 1,Brand-Tablet|Search|USA,Tour/Hike,hike travel,Exact,1,2,0.82
keyword,7/12/2014,7/12/2014,Tablet,Account 1,Brand-Tablet|Search|USA,Tour/Hike,hike travel,Exact,1,4,0.22
keyword,7/13/2014,7/13/2014,Tablet,Account 1,Brand-Tablet|Search|USA,Tour/Hike,hike travel,Exact,2,2,1.37
keyword,7/8/2014,7/8/2014,Tablet,Account 1,Brand-Tablet|Search|USA,Tour/Hike,hike tours,Phrase,2,4,10.28
keyword,7/12/2014,7/12/2014,Tablet,Account 1,Brand-Tablet|Search|USA,Tour/Hike,hike tours,Phrase,2,8,2.04
keyword,7/13/2014,7/13/2014,Tablet,Account 1,Brand-Tablet|Search|USA,Fleet,hike pride,Phrase,1,3,2.44
keyword,7/9/2014,7/9/2014,Tablet,Account 1,Brand-Tablet|Search|USA,Parks Tours - Exact,hike tours,Exact,1,3,3.91
keyword,7/11/2014,7/11/2014,Tablet,Account 1,Brand-Tablet|Search|USA,Parks Tours - Exact,hike tours,Exact,1,4,1.42
keyword,7/12/2014,7/12/2014,Tablet,Account 1,Brand-Tablet|Search|USA,Parks Tours - Exact,hike tours,Exact,2,5,10.71
keyword,7/13/2014,7/13/2014,Tablet,Account 1,Brand-Tablet|Search|USA,Parks Tours - Exact,hike tours,Exact,2,2,2.3
keyword,7/14/2014,7/14/2014,Tablet,Account 1,Brand-Tablet|Search|USA,Parks Tours - Exact,hike tours,Exact,1,3,5.17
keyword,7/8/2014,7/8/2014,Tablet,Account 1,Brand-Tablet|Search|USA,Parks Trips - Exact,hike hikings,Exact,10,22,4.19
keyword,7/9/2014,7/9/2014,Tablet,Account 1,Brand-Tablet|Search|USA,Parks Trips - Exact,hike hikings,Exact,4,19,1.75
keyword,7/10/2014,7/10/2014,Tablet,Account 1,Brand-Tablet|Search|USA,Parks Trips - Exact,hike hikings,Exact,18,46,8.91
keyword,7/11/2014,7/11/2014,Tablet,Account 1,Brand-Tablet|Search|USA,Parks Trips - Exact,hike hikings,Exact,10,27,3.47
keyword,7/12/2014,7/12/2014,Tablet,Account 1,Brand-Tablet|Search|USA,Parks Trips - Exact,hike hikings,Exact,21,45,10.61
keyword,7/13/2014,7/13/2014,Tablet,Account 1,Brand-Tablet|Search|USA,Parks Trips - Exact,hike hikings,Exact,28,55,11.13
keyword,7/14/2014,7/14/2014,Tablet,Account 1,Brand-Tablet|Search|USA,Parks Trips - Exact,hike hikings,Exact,26,48,10.72
keyword,7/8/2014,7/8/2014,Tablet,Account 1,Brand-Tablet|Search|USA,Parks land - Exact,hike land,Exact,1,2,0.22
keyword,7/13/2014,7/13/2014,Tablet,Account 1,Brand-Tablet|Search|USA,Parks land - Exact,hike land,Exact,1,3,0.34
keyword,7/9/2014,7/9/2014,Mobile,Account 1,Brand-Mobile|Search|USA,Reviews,hike land hikings reviews,Broad,1,17,1.06
keyword,7/13/2014,7/13/2014,Mobile,Account 1,Brand-Mobile|Search|USA,Fleet,hike helvetia,Broad,2,4,6.82
keyword,7/9/2014,7/9/2014,Mobile,Account 1,Brand-Mobile|Search|USA,Tour/Hike,hike travel,Exact,2,1,0.1
keyword,7/10/2014,7/10/2014,Mobile,Account 1,Brand-Mobile|Search|USA,Tour/Hike,hike travel,Broad,1,12,2.58
keyword,7/14/2014,7/14/2014,Mobile,Account 1,Brand-Mobile|Search|USA,Tour/Hike,hike travel,Broad,1,22,3.64
keyword,7/10/2014,7/10/2014,Mobile,Account 1,Brand-Mobile|Search|USA,Tour/Hike,hike land tour,Broad,1,11,2.48
keyword,7/8/2014,7/8/2014,Mobile,Account 1,Brand-Mobile|Search|USA,Parks Trips - Exact,hike hikings,Exact,8,17,3.16
keyword,7/9/2014,7/9/2014,Mobile,Account 1,Brand-Mobile|Search|USA,Parks Trips - Exact,hike hikings,Exact,10,19,3.49
keyword,7/11/2014,7/11/2014,Mobile,Account 1,Brand-Mobile|Search|USA,Parks Trips - Exact,hike hikings,Exact,10,15,5.13
keyword,7/12/2014,7/12/2014,Mobile,Account 1,Brand-Mobile|Search|USA,Parks Trips - Exact,hike hikings,Exact,5,15,2.17
keyword,7/13/2014,7/13/2014,Mobile,Account 1,Brand-Mobile|Search|USA,Parks Trips - Exact,hike hikings,Exact,2,15,0.21
keyword,7/14/2014,7/14/2014,Mobile,Account 1,Brand-Mobile|Search|USA,Parks Trips - Exact,hike hikings,Exact,2,12,0.3
keyword,7/10/2014,7/10/2014,Desktop,Account 1,Brand|Search|USA,bikes,hike landbike hiking,Broad,1,16,2.89
keyword,7/12/2014,7/12/2014,Desktop,Account 1,Brand|Search|USA,bikes,hike landbike hiking,Broad,1,14,2.23
keyword,7/8/2014,7/8/2014,Desktop,Account 1,Brand|Search|USA,bikes,hike landbike hiking,Exact,1,1,4.04
keyword,7/9/2014,7/9/2014,Desktop,Account 1,Brand|Search|USA,bikes,hike landbike hiking,Exact,1,1,4.35
keyword,7/11/2014,7/11/2014,Desktop,Account 1,Brand|Search|USA,bikes,hike landbike hiking,Exact,2,2,8.02
keyword,7/14/2014,7/14/2014,Desktop,Account 1,Brand|Search|USA,bikes,hike landbike hiking,Exact,1,1,5.83
keyword,7/9/2014,7/9/2014,Desktop,Account 1,Brand|Search|USA,Fleet,hike spirit,Phrase,1,5,6.7
keyword,7/14/2014,7/14/2014,Desktop,Account 1,Brand|Search|USA,Fleet,hike spirit,Phrase,1,7,7.72
keyword,7/9/2014,7/9/2014,Desktop,Account 1,Brand|Search|USA,Fleet,hike spirit,Exact,1,1,0.3
keyword,7/8/2014,7/8/2014,Desktop,Account 1,Brand|Search|USA,Tour/Hike,hiketravel,Broad,1,2,1.22
keyword,7/13/2014,7/13/2014,Desktop,Account 1,Brand|Search|USA,Tour/Hike,hike travel,Phrase,1,2,0.7
keyword,7/9/2014,7/9/2014,Desktop,Account 1,Brand|Search|USA,Tour/Hike,hike travel,Exact,3,5,0.52
keyword,7/10/2014,7/10/2014,Desktop,Account 1,Brand|Search|USA,Tour/Hike,hike travel,Exact,1,2,0.41
keyword,7/11/2014,7/11/2014,Desktop,Account 1,Brand|Search|USA,Tour/Hike,hike travel,Exact,1,6,0.16
keyword,7/13/2014,7/13/2014,Desktop,Account 1,Brand|Search|USA,Tour/Hike,hike travel,Exact,1,1,0.2
keyword,7/14/2014,7/14/2014,Desktop,Account 1,Brand|Search|USA,Tour/Hike,hike travel,Exact,2,7,0.4
keyword,7/12/2014,7/12/2014,Desktop,Account 1,Brand|Search|USA,Tour/Hike,hike land trips,Exact,1,2,0.64
keyword,7/9/2014,7/9/2014,Desktop,Account 1,Brand|Search|USA,Tour/Hike,hike land tour,Exact,1,1,1.52
keyword,7/12/2014,7/12/2014,Desktop,Account 1,Brand|Search|USA,Tour/Hike,hike land tour,Exact,1,1,1.38
keyword,7/8/2014,7/8/2014,Desktop,Account 1,Brand|Search|USA,Parks Tours - Exact,hike tours,Exact,8,19,25.51
keyword,7/10/2014,7/10/2014,Desktop,Account 1,Brand|Search|USA,Parks Tours - Exact,hike tours,Exact,4,6,12.26
keyword,7/12/2014,7/12/2014,Desktop,Account 1,Brand|Search|USA,Parks Tours - Exact,hike tours,Exact,3,9,13.65
keyword,7/13/2014,7/13/2014,Desktop,Account 1,Brand|Search|USA,Parks Tours - Exact,hike tours,Exact,2,9,9.92
keyword,7/14/2014,7/14/2014,Desktop,Account 1,Brand|Search|USA,Parks Tours - Exact,hike tours,Exact,4,5,19.91
keyword,7/8/2014,7/8/2014,Desktop,Account 1,Brand|Search|USA,Parks land - Exact,hike land,Exact,11,23,10.1
keyword,7/9/2014,7/9/2014,Desktop,Account 1,Brand|Search|USA,Parks land - Exact,hike land,Exact,4,8,4.1
keyword,7/10/2014,7/10/2014,Desktop,Account 1,Brand|Search|USA,Parks land - Exact,hike land,Exact,7,17,7.87
keyword,7/11/2014,7/11/2014,Desktop,Account 1,Brand|Search|USA,Parks land - Exact,hike land,Exact,6,15,6.47
keyword,7/12/2014,7/12/2014,Desktop,Account 1,Brand|Search|USA,Parks land - Exact,hike land,Exact,5,19,3.49
keyword,7/13/2014,7/13/2014,Desktop,Account 1,Brand|Search|USA,Parks land - Exact,hike land,Exact,7,8,7.53
keyword,7/14/2014,7/14/2014,Desktop,Account 1,Brand|Search|USA,Parks land - Exact,hike land,Exact,3,21,1
keyword,7/8/2014,7/8/2014,Desktop,Account 1,Brand|Search|USA,Parks Trips - Exact,hike hikings,Exact,120,247,52.14
keyword,7/9/2014,7/9/2014,Desktop,Account 1,Brand|Search|USA,Parks Trips - Exact,hike hikings,Exact,104,197,45.54
keyword,7/10/2014,7/10/2014,Desktop,Account 1,Brand|Search|USA,Parks Trips - Exact,hike hikings,Exact,87,178,38.25
keyword,7/11/2014,7/11/2014,Desktop,Account 1,Brand|Search|USA,Parks Trips - Exact,hike hikings,Exact,60,200,23.63
keyword,7/12/2014,7/12/2014,Desktop,Account 1,Brand|Search|USA,Parks Trips - Exact,hike hikings,Exact,80,159,35.83
keyword,7/13/2014,7/13/2014,Desktop,Account 1,Brand|Search|USA,Parks Trips - Exact,hike hikings,Exact,80,183,35.33
keyword,7/14/2014,7/14/2014,Desktop,Account 1,Brand|Search|USA,Parks Trips - Exact,hike hikings,Exact,104,219,46.95
keyword,7/8/2014,7/8/2014,Desktop,Account 2,jersey-Brand|Search|USA-CAN,jersey + Brand,hike land hikings in mountain,Phrase,1,1,0.52
keyword,7/9/2014,7/9/2014,Desktop,Account 2,jersey-Brand|Search|USA-CAN,jersey + Brand,hike land hikings in mountain,Phrase,1,2,1.12
keyword,7/10/2014,7/10/2014,Desktop,Account 2,jersey-Brand|Search|USA-CAN,jersey + Brand,hike mountain land hikings,Phrase,1,1,1.43
keyword,7/13/2014,7/13/2014,Desktop,Account 2,jersey-Brand|Search|USA-CAN,jersey + Brand,hike mountain land hikings,Phrase,1,1,1.6
keyword,7/8/2014,7/8/2014,Desktop,Account 2,jersey-Brand|Search|USA-CAN,jersey + Brand,hike land hikings in mountain,Exact,23,32,27.53
keyword,7/9/2014,7/9/2014,Desktop,Account 2,jersey-Brand|Search|USA-CAN,jersey + Brand,hike land hikings in mountain,Exact,20,33,25.51
keyword,7/10/2014,7/10/2014,Desktop,Account 2,jersey-Brand|Search|USA-CAN,jersey + Brand,hike land hikings in mountain,Exact,15,37,19.27
keyword,7/11/2014,7/11/2014,Desktop,Account 2,jersey-Brand|Search|USA-CAN,jersey + Brand,hike land hikings in mountain,Exact,10,19,11.54
keyword,7/12/2014,7/12/2014,Desktop,Account 2,jersey-Brand|Search|USA-CAN,jersey + Brand,hike land hikings in mountain,Exact,16,28,17.73
keyword,7/13/2014,7/13/2014,Desktop,Account 2,jersey-Brand|Search|USA-CAN,jersey + Brand,hike land hikings in mountain,Exact,14,29,17.8
keyword,7/14/2014,7/14/2014,Desktop,Account 2,jersey-Brand|Search|USA-CAN,jersey + Brand,hike land hikings in mountain,Exact,14,31,18.11
